Title,Price,Link
The Wind of Allah (The Khaan's Trilogy Book 1),0.,https://www.amazon.com/sspa/click?ie=UTF8&spc=MTo4NjEwMDY1MDk3NjUxMTc3OjE3MTgzOTU3MDQ6c3BfYXRmX2Jyb3dzZTozMDAxNzE2MTYxODU1MDI6OjA6Og&url=%2FWind-Allah-Khaans-Trilogy-Book-ebook%2Fdp%2FB006MPQGUK%2Fref%3Dsr_1_17_sspa%3Fdib%3DeyJ2IjoiMSJ9.OlGy7NzekhRQxjKWpZ5tMbQEbsNVg_v2dPP9bjRyE0ghiW4xDT7lDpwhnnHjK_VTCD3Cy7MUnlgIomtKnZEF6uOLTvB9EmjnCYxFFrnDNbamiNpa23qk5iK3Czr6tjXi1TJM9zd2ZMjBAykeyfdaCMEyIuMn9Z9pSrMsu3LybA1oPLqj3zeDD7XYhhREZutnIrlpeB7jTffjoDBZicYt0fjy4DzOW4d1uyBDGPje0Ls.ICRNa9bX4wJjD8J2RuJs-4obPdzCBJb-VTgRi3grPB4%26dib_tag%3Dse%26qid%3D1718395704%26s%3Dbooks%26sr%3D1-17-spons%26sp_csd%3Dd2lkZ2V0TmFtZT1zcF9hdGZfYnJvd3Nl%26psc%3D1
The Book of Jewish Knowledge,89.,https://www.amazon.com/sspa/click?ie=UTF8&spc=MTo4NjEwMDY1MDk3NjUxMTc3OjE3MTgzOTU3MDQ6c3BfYXRmX2Jyb3dzZTozMDAxOTM1MTIzMTYwMDI6OjA6Og&url=%2FBook-Jewish-Knowledge-Learning-Institute%2Fdp%2F1636680119%2Fref%3Dsr_1_18_sspa%3Fdib%3DeyJ2IjoiMSJ9.OlGy7NzekhRQxjKWpZ5tMbQEbsNVg_v2dPP9bjRyE0ghiW4xDT7lDpwhnnHjK_VTCD3Cy7MUnlgIomtKnZEF6uOLTvB9EmjnCYxFFrnDNbamiNpa23qk5iK3Czr6tjXi1TJM9zd2ZMjBAykeyfdaCMEyIuMn9Z9pSrMsu3LybA1oPLqj3zeDD7XYhhREZutnIrlpeB7jTffjoDBZicYt0fjy4DzOW4d1uyBDGPje0Ls.ICRNa9bX4wJjD8J2RuJs-4obPdzCBJb-VTgRi3grPB4%26dib_tag%3Dse%26qid%3D1718395704%26s%3Dbooks%26sr%3D1-18-spons%26sp_csd%3Dd2lkZ2V0TmFtZT1zcF9hdGZfYnJvd3Nl%26psc%3D1
The 48 Laws of Power,14.,https://www.amazon.com/48-Laws-Power-Robert-Greene/dp/0140280197/ref=sr_1_19?dib=eyJ2IjoiMSJ9.OlGy7NzekhRQxjKWpZ5tMbQEbsNVg_v2dPP9bjRyE0ghiW4xDT7lDpwhnnHjK_VTCD3Cy7MUnlgIomtKnZEF6uOLTvB9EmjnCYxFFrnDNbamiNpa23qk5iK3Czr6tjXi1TJM9zd2ZMjBAykeyfdaCMEyIuMn9Z9pSrMsu3LybA1oPLqj3zeDD7XYhhREZutnIrlpeB7jTffjoDBZicYt0fjy4DzOW4d1uyBDGPje0Ls.ICRNa9bX4wJjD8J2RuJs-4obPdzCBJb-VTgRi3grPB4&dib_tag=se&qid=1718395704&s=books&sr=1-19
"A Court of Thorns and Roses Paperback Box Set (5 books) (A Court of Thorns and Roses, 9)",55.,https://www.amazon.com/Court-Thorns-Roses-Paperback-books/dp/1639730192/ref=sr_1_20?dib=eyJ2IjoiMSJ9.OlGy7NzekhRQxjKWpZ5tMbQEbsNVg_v2dPP9bjRyE0ghiW4xDT7lDpwhnnHjK_VTCD3Cy7MUnlgIomtKnZEF6uOLTvB9EmjnCYxFFrnDNbamiNpa23qk5iK3Czr6tjXi1TJM9zd2ZMjBAykeyfdaCMEyIuMn9Z9pSrMsu3LybA1oPLqj3zeDD7XYhhREZutnIrlpeB7jTffjoDBZicYt0fjy4DzOW4d1uyBDGPje0Ls.ICRNa9bX4wJjD8J2RuJs-4obPdzCBJb-VTgRi3grPB4&dib_tag=se&qid=1718395704&s=books&sr=1-20
The Situation Room: The Inside Story of Presidents in Crisis,21.,https://www.amazon.com/Situation-Room-Inside-Presidents-Crisis/dp/1538740761/ref=sr_1_21?dib=eyJ2IjoiMSJ9.OlGy7NzekhRQxjKWpZ5tMbQEbsNVg_v2dPP9bjRyE0ghiW4xDT7lDpwhnnHjK_VTCD3Cy7MUnlgIomtKnZEF6uOLTvB9EmjnCYxFFrnDNbamiNpa23qk5iK3Czr6tjXi1TJM9zd2ZMjBAykeyfdaCMEyIuMn9Z9pSrMsu3LybA1oPLqj3zeDD7XYhhREZutnIrlpeB7jTffjoDBZicYt0fjy4DzOW4d1uyBDGPje0Ls.ICRNa9bX4wJjD8J2RuJs-4obPdzCBJb-VTgRi3grPB4&dib_tag=se&qid=1718395704&s=books&sr=1-21
"Mom, I Want to Hear Your Story: A Mother’s Guided Journal To Share Her Life & Her Love (Hear Your Story Books)",11.,https://www.amazon.com/Mom-Want-Hear-Your-Story/dp/1081439793/ref=sr_1_22?dib=eyJ2IjoiMSJ9.OlGy7NzekhRQxjKWpZ5tMbQEbsNVg_v2dPP9bjRyE0ghiW4xDT7lDpwhnnHjK_VTCD3Cy7MUnlgIomtKnZEF6uOLTvB9EmjnCYxFFrnDNbamiNpa23qk5iK3Czr6tjXi1TJM9zd2ZMjBAykeyfdaCMEyIuMn9Z9pSrMsu3LybA1oPLqj3zeDD7XYhhREZutnIrlpeB7jTffjoDBZicYt0fjy4DzOW4d1uyBDGPje0Ls.ICRNa9bX4wJjD8J2RuJs-4obPdzCBJb-VTgRi3grPB4&dib_tag=se&qid=1718395704&s=books&sr=1-22
The Housemaid,6.,https://www.amazon.com/kindle-dbs/books-category/browse-redirect/?ref=ess_dp_epicks&node=17276798011
Good Energy: The Surprising Connection Between Metabolism and Limitless Health,20.,https://www.amazon.com/Good-Energy-Surprising-Connection-Metabolism/dp/0593712641/ref=sr_1_24?dib=eyJ2IjoiMSJ9.OlGy7NzekhRQxjKWpZ5tMbQEbsNVg_v2dPP9bjRyE0ghiW4xDT7lDpwhnnHjK_VTCD3Cy7MUnlgIomtKnZEF6uOLTvB9EmjnCYxFFrnDNbamiNpa23qk5iK3Czr6tjXi1TJM9zd2ZMjBAykeyfdaCMEyIuMn9Z9pSrMsu3LybA1oPLqj3zeDD7XYhhREZutnIrlpeB7jTffjoDBZicYt0fjy4DzOW4d1uyBDGPje0Ls.ICRNa9bX4wJjD8J2RuJs-4obPdzCBJb-VTgRi3grPB4&dib_tag=se&qid=1718395704&s=books&sr=1-24
Why a Son Needs a Dad: Celebrate Your Father and Son Bond this Father's Day with this Heartwarming Gift! (Always in My Heart),7.,https://www.amazon.com/Why-Son-Needs-Gregory-Lang/dp/1728235871/ref=sr_1_25?dib=eyJ2IjoiMSJ9.OlGy7NzekhRQxjKWpZ5tMbQEbsNVg_v2dPP9bjRyE0ghiW4xDT7lDpwhnnHjK_VTCD3Cy7MUnlgIomtKnZEF6uOLTvB9EmjnCYxFFrnDNbamiNpa23qk5iK3Czr6tjXi1TJM9zd2ZMjBAykeyfdaCMEyIuMn9Z9pSrMsu3LybA1oPLqj3zeDD7XYhhREZutnIrlpeB7jTffjoDBZicYt0fjy4DzOW4d1uyBDGPje0Ls.ICRNa9bX4wJjD8J2RuJs-4obPdzCBJb-VTgRi3grPB4&dib_tag=se&qid=1718395704&s=books&sr=1-25
Just for the Summer,13.,https://www.amazon.com/kindle-dbs/books-category/browse-redirect/?ref=ess_dp_epicks&node=3003015011
Red Line Ruin (Los Angeles Firebirds Hockey Book 1),0.,https://www.amazon.com/sspa/click?ie=UTF8&spc=MTo4NjEwMDY1MDk3NjUxMTc3OjE3MTgzOTU3MDQ6c3BfbXRmX2Jyb3dzZTozMDAyMDY5NjcwMjkxMDI6OjA6Og&url=%2FLine-Ruin-Angeles-Firebirds-Hockey-ebook%2Fdp%2FB0D54BY4DP%2Fref%3Dsr_1_27_sspa%3Fdib%3DeyJ2IjoiMSJ9.OlGy7NzekhRQxjKWpZ5tMbQEbsNVg_v2dPP9bjRyE0ghiW4xDT7lDpwhnnHjK_VTCD3Cy7MUnlgIomtKnZEF6uOLTvB9EmjnCYxFFrnDNbamiNpa23qk5iK3Czr6tjXi1TJM9zd2ZMjBAykeyfdaCMEyIuMn9Z9pSrMsu3LybA1oPLqj3zeDD7XYhhREZutnIrlpeB7jTffjoDBZicYt0fjy4DzOW4d1uyBDGPje0Ls.ICRNa9bX4wJjD8J2RuJs-4obPdzCBJb-VTgRi3grPB4%26dib_tag%3Dse%26qid%3D1718395704%26s%3Dbooks%26sr%3D1-27-spons%26sp_csd%3Dd2lkZ2V0TmFtZT1zcF9tdGZfYnJvd3Nl%26psc%3D1
The Book of Change,9.,https://www.amazon.com/sspa/click?ie=UTF8&spc=MTo4NjEwMDY1MDk3NjUxMTc3OjE3MTgzOTU3MDQ6c3BfbXRmX2Jyb3dzZTozMDAwNzk0MjM1MTc3MDI6OjA6Og&url=%2FBook-Change-Richard-Carson-ebook%2Fdp%2FB0C37VP3GS%2Fref%3Dsr_1_28_sspa%3Fdib%3DeyJ2IjoiMSJ9.OlGy7NzekhRQxjKWpZ5tMbQEbsNVg_v2dPP9bjRyE0ghiW4xDT7lDpwhnnHjK_VTCD3Cy7MUnlgIomtKnZEF6uOLTvB9EmjnCYxFFrnDNbamiNpa23qk5iK3Czr6tjXi1TJM9zd2ZMjBAykeyfdaCMEyIuMn9Z9pSrMsu3LybA1oPLqj3zeDD7XYhhREZutnIrlpeB7jTffjoDBZicYt0fjy4DzOW4d1uyBDGPje0Ls.ICRNa9bX4wJjD8J2RuJs-4obPdzCBJb-VTgRi3grPB4%26dib_tag%3Dse%26qid%3D1718395704%26s%3Dbooks%26sr%3D1-28-spons%26sp_csd%3Dd2lkZ2V0TmFtZT1zcF9tdGZfYnJvd3Nl%26psc%3D1
"The New Menopause: Navigating Your Path Through Hormonal Change with Purpose, Power, and Facts",18.,https://www.amazon.com/New-Menopause-Navigating-Through-Hormonal/dp/059379625X/ref=sr_1_29?dib=eyJ2IjoiMSJ9.OlGy7NzekhRQxjKWpZ5tMbQEbsNVg_v2dPP9bjRyE0ghiW4xDT7lDpwhnnHjK_VTCD3Cy7MUnlgIomtKnZEF6uOLTvB9EmjnCYxFFrnDNbamiNpa23qk5iK3Czr6tjXi1TJM9zd2ZMjBAykeyfdaCMEyIuMn9Z9pSrMsu3LybA1oPLqj3zeDD7XYhhREZutnIrlpeB7jTffjoDBZicYt0fjy4DzOW4d1uyBDGPje0Ls.ICRNa9bX4wJjD8J2RuJs-4obPdzCBJb-VTgRi3grPB4&dib_tag=se&qid=1718395704&s=books&sr=1-29
"Summer Bridge Activities 1st Grade Workbooks to 2nd Grade Workbooks, Math, Reading Comprehension, Writing, Science Summer Learning Activities, 2nd Grade Workbooks All Subjects With Flash Cards",8.,https://www.amazon.com/Summer-Bridge-Activities%C2%AE-Grades-Activities/dp/1483815811/ref=sr_1_30?dib=eyJ2IjoiMSJ9.OlGy7NzekhRQxjKWpZ5tMbQEbsNVg_v2dPP9bjRyE0ghiW4xDT7lDpwhnnHjK_VTCD3Cy7MUnlgIomtKnZEF6uOLTvB9EmjnCYxFFrnDNbamiNpa23qk5iK3Czr6tjXi1TJM9zd2ZMjBAykeyfdaCMEyIuMn9Z9pSrMsu3LybA1oPLqj3zeDD7XYhhREZutnIrlpeB7jTffjoDBZicYt0fjy4DzOW4d1uyBDGPje0Ls.ICRNa9bX4wJjD8J2RuJs-4obPdzCBJb-VTgRi3grPB4&dib_tag=se&qid=1718395704&s=books&sr=1-30
"Summer Bridge Activities Kindergarten to 1st Grade Workbooks, Math, Reading Comprehension, Writing, Science, Fitness, Social Studies Summer Learning, 1st Grade Workbooks All Subjects With Flash Cards",8.,https://www.amazon.com/Summer-Bridge-Activities%C2%AE-Activities/dp/1483815803/ref=sr_1_31?dib=eyJ2IjoiMSJ9.OlGy7NzekhRQxjKWpZ5tMbQEbsNVg_v2dPP9bjRyE0ghiW4xDT7lDpwhnnHjK_VTCD3Cy7MUnlgIomtKnZEF6uOLTvB9EmjnCYxFFrnDNbamiNpa23qk5iK3Czr6tjXi1TJM9zd2ZMjBAykeyfdaCMEyIuMn9Z9pSrMsu3LybA1oPLqj3zeDD7XYhhREZutnIrlpeB7jTffjoDBZicYt0fjy4DzOW4d1uyBDGPje0Ls.ICRNa9bX4wJjD8J2RuJs-4obPdzCBJb-VTgRi3grPB4&dib_tag=se&qid=1718395704&s=books&sr=1-31
"Summer Bridge Activities 2nd to 3rd Grade Workbook, Math, Reading Comprehension, Writing, Science, Social Studies, Fitness Summer Learning Activities, 3rd Grade Workbooks All Subjects With Flash Cards",10.,https://www.amazon.com/Summer-Bridge-Activities%C2%AE-Grades-Activities/dp/148381582X/ref=sr_1_32?dib=eyJ2IjoiMSJ9.OlGy7NzekhRQxjKWpZ5tMbQEbsNVg_v2dPP9bjRyE0ghiW4xDT7lDpwhnnHjK_VTCD3Cy7MUnlgIomtKnZEF6uOLTvB9EmjnCYxFFrnDNbamiNpa23qk5iK3Czr6tjXi1TJM9zd2ZMjBAykeyfdaCMEyIuMn9Z9pSrMsu3LybA1oPLqj3zeDD7XYhhREZutnIrlpeB7jTffjoDBZicYt0fjy4DzOW4d1uyBDGPje0Ls.ICRNa9bX4wJjD8J2RuJs-4obPdzCBJb-VTgRi3grPB4&dib_tag=se&qid=1718395704&s=books&sr=1-32
"Summer Bridge Activities 3rd to 4th Grade Workbook, Math, Reading Comprehension, Writing, Science, Social Studies, Fitness Summer Learning Activities, 4th Grade Workbooks All Subjects With Flash Cards",8.,https://www.amazon.com/Summer-Bridge-Activities%C2%AE-Activities/dp/1483815838/ref=sr_1_33?dib=eyJ2IjoiMSJ9.OlGy7NzekhRQxjKWpZ5tMbQEbsNVg_v2dPP9bjRyE0ghiW4xDT7lDpwhnnHjK_VTCD3Cy7MUnlgIomtKnZEF6uOLTvB9EmjnCYxFFrnDNbamiNpa23qk5iK3Czr6tjXi1TJM9zd2ZMjBAykeyfdaCMEyIuMn9Z9pSrMsu3LybA1oPLqj3zeDD7XYhhREZutnIrlpeB7jTffjoDBZicYt0fjy4DzOW4d1uyBDGPje0Ls.ICRNa9bX4wJjD8J2RuJs-4obPdzCBJb-VTgRi3grPB4&dib_tag=se&qid=1718395704&s=books&sr=1-33
"Onyx Storm (Deluxe Limited Edition) (The Empyrean, 3)",20.,https://www.amazon.com/Onyx-Storm-Deluxe-Limited-Empyrean/dp/1649374186/ref=sr_1_34?dib=eyJ2IjoiMSJ9.OlGy7NzekhRQxjKWpZ5tMbQEbsNVg_v2dPP9bjRyE0ghiW4xDT7lDpwhnnHjK_VTCD3Cy7MUnlgIomtKnZEF6uOLTvB9EmjnCYxFFrnDNbamiNpa23qk5iK3Czr6tjXi1TJM9zd2ZMjBAykeyfdaCMEyIuMn9Z9pSrMsu3LybA1oPLqj3zeDD7XYhhREZutnIrlpeB7jTffjoDBZicYt0fjy4DzOW4d1uyBDGPje0Ls.ICRNa9bX4wJjD8J2RuJs-4obPdzCBJb-VTgRi3grPB4&dib_tag=se&qid=1718395704&s=books&sr=1-34
"Daddy I Wrote A Book About You: Dad Fill In The Blank Book With Prompts, Personalized Custom Gift for Dad From Kids, Father’s Day Book Gift, Birthday Gift for Dad, Unique Gift For Daddy From Kids",6.,https://www.amazon.com/Daddy-Wrote-Book-About-You/dp/B095NP7FLT/ref=sr_1_35?dib=eyJ2IjoiMSJ9.OlGy7NzekhRQxjKWpZ5tMbQEbsNVg_v2dPP9bjRyE0ghiW4xDT7lDpwhnnHjK_VTCD3Cy7MUnlgIomtKnZEF6uOLTvB9EmjnCYxFFrnDNbamiNpa23qk5iK3Czr6tjXi1TJM9zd2ZMjBAykeyfdaCMEyIuMn9Z9pSrMsu3LybA1oPLqj3zeDD7XYhhREZutnIrlpeB7jTffjoDBZicYt0fjy4DzOW4d1uyBDGPje0Ls.ICRNa9bX4wJjD8J2RuJs-4obPdzCBJb-VTgRi3grPB4&dib_tag=se&qid=1718395704&s=books&sr=1-35
"A Court of Thorns and Roses (A Court of Thorns and Roses, 1)",10.,https://www.amazon.com/kindle-dbs/books-category/browse-redirect/?ref=ess_dp_epicks&node=17276810011
Ivory Oath (Novikov Bratva Book 2),0.,https://www.amazon.com/sspa/click?ie=UTF8&spc=MTo4NjEwMDY1MDk3NjUxMTc3OjE3MTgzOTU3MDQ6c3BfYnRmX2Jyb3dzZTozMDAxOTU2NDEwNDU2MDI6OjA6Og&url=%2FIvory-Oath-Novikov-Bratva-Book-ebook%2Fdp%2FB0D4BXH239%2Fref%3Dsr_1_37_sspa%3Fdib%3DeyJ2IjoiMSJ9.OlGy7NzekhRQxjKWpZ5tMbQEbsNVg_v2dPP9bjRyE0ghiW4xDT7lDpwhnnHjK_VTCD3Cy7MUnlgIomtKnZEF6uOLTvB9EmjnCYxFFrnDNbamiNpa23qk5iK3Czr6tjXi1TJM9zd2ZMjBAykeyfdaCMEyIuMn9Z9pSrMsu3LybA1oPLqj3zeDD7XYhhREZutnIrlpeB7jTffjoDBZicYt0fjy4DzOW4d1uyBDGPje0Ls.ICRNa9bX4wJjD8J2RuJs-4obPdzCBJb-VTgRi3grPB4%26dib_tag%3Dse%26qid%3D1718395704%26s%3Dbooks%26sr%3D1-37-spons%26sp_csd%3Dd2lkZ2V0TmFtZT1zcF9idGZfYnJvd3Nl%26psc%3D1
Fuchsia: The Tale of Two (The Eternal Empire Fuchsia Series Book 1),4.,https://www.amazon.com/sspa/click?ie=UTF8&spc=MTo4NjEwMDY1MDk3NjUxMTc3OjE3MTgzOTU3MDQ6c3BfYnRmX2Jyb3dzZTozMDAyMDg4OTkxMzUzMDI6OjA6Og&url=%2FFuchsia-Tale-Eternal-Empire-Book-ebook%2Fdp%2FB0CW1G2Y5F%2Fref%3Dsr_1_38_sspa%3Fdib%3DeyJ2IjoiMSJ9.OlGy7NzekhRQxjKWpZ5tMbQEbsNVg_v2dPP9bjRyE0ghiW4xDT7lDpwhnnHjK_VTCD3Cy7MUnlgIomtKnZEF6uOLTvB9EmjnCYxFFrnDNbamiNpa23qk5iK3Czr6tjXi1TJM9zd2ZMjBAykeyfdaCMEyIuMn9Z9pSrMsu3LybA1oPLqj3zeDD7XYhhREZutnIrlpeB7jTffjoDBZicYt0fjy4DzOW4d1uyBDGPje0Ls.ICRNa9bX4wJjD8J2RuJs-4obPdzCBJb-VTgRi3grPB4%26dib_tag%3Dse%26qid%3D1718395704%26s%3Dbooks%26sr%3D1-38-spons%26sp_csd%3Dd2lkZ2V0TmFtZT1zcF9idGZfYnJvd3Nl%26psc%3D1
